{"cameraMode":{"drawMode":0,"name":"Shaded","section":"Shading Mode"},"sceneLighting":true,"audioPlay":false,"sceneViewState":{"m_AlwaysRefresh":false,"showFog":true,"showSkybox":true,"showFlares":true,"showImageEffects":true,"showParticleSystems":true,"showVisualEffectGraphs":true,"m_FxEnabled":true},"in2DMode":false,"pivot":{"x":22.029438018798829,"y":-4.7610697746276859,"z":11.020221710205079},"rotation":{"x":0.16019511222839356,"y":-0.225834921002388,"z":0.037657953798770908,"w":0.9601716995239258},"size":28.346826553344728,"orthographic":false}