{"cameraMode":{"drawMode":0,"name":"Shaded","section":"Shading Mode"},"sceneLighting":true,"audioPlay":false,"sceneViewState":{"m_AlwaysRefresh":false,"showFog":true,"showSkybox":true,"showFlares":true,"showImageEffects":true,"showParticleSystems":true,"showVisualEffectGraphs":true,"m_FxEnabled":true},"in2DMode":false,"pivot":{"x":-16.47564697265625,"y":-17.216262817382814,"z":-23.2231502532959},"rotation":{"x":0.034058790653944018,"y":-0.9393956661224365,"z":0.32682526111602785,"w":0.09785254299640656},"size":17.752954483032228,"orthographic":false}